<?xml version="1.0" encoding="utf-8"?>
<!DOCTYPE mapper PUBLIC
"-//mybatis.org//DTD Mapper 3.0//EN"
"http://mybatis.org/dtd/mybatis-3-mapper.dtd">
<mapper namespace="board">
	<resultMap id="boardMap" type="board"/>
	
	<select id="selectBoardList" resultType="board"> 
		SELECT *
		FROM BOARD
		WHERE CATE1_CODE=#{cate1_code} AND CATE2_CODE=#{cate2_code} AND BDELETE='N'
		ORDER BY BDATE DESC
	</select>
	
	<insert id="insertBoard" parameterType="board">
		INSERT INTO BOARD(BNO, CATE1_CODE, CATE2_CODE, BTITLE, BCONTENT, BWRITER, BDATE, BCOUNT, BDELETE) 
		VALUES (SEQ_BNO.NEXTVAL, #{cate1_code}, #{cate2_code}, #{btitle}, #{bcontent}, #{bwriter}, DEFAULT, DEFAULT, DEFAULT)
		
		<!-- board 객체를 insert에서 전달하여 SQL을 실행한 뒤, board 객체에 select한 게시글 번호를 주입받아 돌아온다. -->
		<!-- 다시말해서 예전에 인서트가 끝나고 id를 불러오기위해 다시 DAO를 갔던 방식을 할필요가 없다는 말이다 -->
		<!-- 1번 -->
		<selectKey keyProperty="bno" resultType="_int" order="AFTER"> 
			SELECT SEQ_BNO.CURRVAL FROM DUAL
		</selectKey>
	</insert>

	<select id="selectBoardTotalContents" resultType="_int">
		SELECT COUNT(*) 
		FROM BOARD
		WHERE CATE1_CODE=#{cate1_code} AND CATE2_CODE=#{cate2_code}
	</select>
	
	<select id="selectOneBoard" parameterType="_int" resultType="board">
		SELECT * 
		FROM BOARD 
		WHERE BNO = #{bno}
	</select>
	
	<update id="updateBoard" parameterType="board">
		UPDATE BOARD SET BTITLE = #{btitle}, BCONTENT = #{bcontent} 
		WHERE BNO = #{bno}
	</update>
	
	<update id="deleteBoard" parameterType="board"> 
		UPDATE BOARD SET BDELETE = 'Y' 
		WHERE BNO = #{bno} 
	</update>
</mapper>
