<?xml version="1.0" encoding="UTF-8"?>
<beans xmlns="http://www.springframework.org/schema/beans"
	xmlns:xsi="http://www.w3.org/2001/XMLSchema-instance"
	xsi:schemaLocation="http://www.springframework.org/schema/beans https://www.springframework.org/schema/beans/spring-beans.xsd">
	
	<!-- Root Context: defines shared resources visible to all other web components -->
	<!-- Root Context: 웹 서버 전체 설정과 관련된 내용을 작성하는 XML 파일 -->
	<!-- DataSource: 연결하고자 하는 DB의 설정을 담은 객체 -->
	
	<bean id="dataSource" class="org.apache.commons.dbcp.BasicDataSource" 
	      destroy-method="close">
	      <!-- 메소드 사용끝나면 자동으로 닫게해주는 부분 -->
      <property name="driverClassName" value="oracle.jdbc.driver.OracleDriver" />
      <property name="url" value="jdbc:oracle:thin:@localhost:1521:xe"/>
      <property name="username" value="NEST"/>
      <property name="password" value="NEST"/>
    </bean>
    
    <!-- Mybatis 연동 설정 -->
    
    <bean id="sqlSessionFactoryBean" class="org.mybatis.spring.SqlSessionFactoryBean">
    	<!-- dataSource : 마이바티스 빈 객체에 사용할 DB 설정 객체 참조 -->
		<property name="dataSource" ref="dataSource"/>
		<!-- mapperLocations : mybatis-config에 작성하였던 mapper 파일들을 한번에 불러오기 위한 설정 -->
		<property name="mapperLocations" value="classpath*:mappers/*.xml"/>
		<!-- configLocation : mybatis-config 설정을 읽어 오기 위한 속성 -->
		<property name="configLocation" value="classpath:mybatis-config.xml"/>
	</bean>
	
	<!-- Mybatis 사용과 관련된 sqlSession 객체 선언하기 -->
	<bean id="sqlSessionTemplate" class="org.mybatis.spring.SqlSessionTemplate">
    	<constructor-arg index="0" ref="sqlSessionFactoryBean"/>
    </bean>
	
	<!-- 트랜잭션 처리와 관련된 매니저 객체 선언하기 -->
	<bean id="transactionManager" class="org.springframework.jdbc.datasource.DataSourceTransactionManager">
		<property name="dataSource" ref="dataSource"/>
    </bean>
	



	
    
</beans>
