<?xml version="1.0" encoding="utf-8"?>
<!DOCTYPE mapper PUBLIC
"-//mybatis.org//DTD Mapper 3.0//EN"
"http://mybatis.org/dtd/mybatis-3-mapper.dtd">

<mapper namespace="Business_mapper">

		<resultMap type="Member" id="bmEnrollDate">
			<result property="mNo" column="mno"/>
			<result property="userId" column="userId"/>
			<result property="userName" column="username"/>
			<result property="admin" column="admin"/>
			<result property="approval" column="approval"/>
			<result property="spaceEnrollDate" column="enrolldate"/>
		</resultMap>

		<select id="selectBizNo" resultType="_int">
			SELECT BIZNO FROM BUSINESS WHERE ROWNUM = 1 ORDER BY 1 DESC
		</select>
		
		<select id="inviteBizNo" resultType="_int">
			SELECT BIZNO FROM BUSINESS_MEMBER WHERE MNO = #{mNo}
		</select>
		
		<select id="inviteMNo" resultType="_int">
			SELECT MNO FROM MEMBER WHERE USERID = #{userId}
		</select>
		
		<!-- 승인 대기 사용자 -->
		<select id="approvalN" resultType="Member">
			SELECT * FROM MEMBER
			JOIN (SELECT * FROM BUSINESS_MEMBER
			      JOIN (SELECT BIZNO FROM BUSINESS_MEMBER WHERE MNO = #{mNo}) USING(BIZNO)
			      WHERE ADMIN = 'N' AND APPROVAL = 'N') USING(MNO)
		</select>
		
		<!-- 승인 대기 사용자 수 -->
		<select id="totalApprovalN" resultType="_int">
			SELECT COUNT(*) FROM BUSINESS_MEMBER
			JOIN (SELECT BIZNO FROM BUSINESS_MEMBER WHERE MNO = #{mNo}) USING(BIZNO)
			WHERE ADMIN = 'N' AND APPROVAL = 'N'
		</select>
		
		<!-- 승인 사용자 리스트 -->
		<select id="MemberListApprovalY" resultMap="bmEnrollDate">
			SELECT MNO, USERID, USERNAME, BM.ADMIN, BM.APPROVAL, BM.ENROLLDATE FROM MEMBER
			JOIN (SELECT * FROM BUSINESS_MEMBER
			      JOIN (SELECT BIZNO FROM BUSINESS_MEMBER WHERE MNO = #{mNo}) USING(BIZNO)
			      WHERE APPROVAL = 'Y') BM USING(MNO) 
		</select>
		
		<!-- 비즈니스 사용자 수 -->
		<select id="totalBusinessMember" resultType="_int">
			SELECT COUNT(DISTINCT MNO) FROM BUSINESS_MEMBER
			JOIN (SELECT BIZNO FROM BUSINESS_MEMBER WHERE MNO = #{mNo}) USING(BIZNO)
		</select>
		
		<!-- 비즈니스 관리자 수 -->
		<select id="totalBusinessAdmin" resultType="_int">
			SELECT COUNT(*) FROM BUSINESS_MEMBER
			JOIN (SELECT BIZNO FROM BUSINESS_MEMBER WHERE MNO = #{mNo}) USING(BIZNO)
			WHERE ADMIN = 'Y'		
		</select>
		
		<!-- 비즈니스 전체 스페이스 -->
		<select id="totalBusinessSpace" resultType="_int">
			SELECT COUNT(*) FROM SPACE
			WHERE BIZNO = (SELECT BIZNO FROM BUSINESS_MEMBER WHERE MNO = #{mNo})
		</select>
		
		<!-- 비즈니스 사용자 리스트 -->
		<select id="businessMemberList" resultMap="bmEnrollDate">
			SELECT MNO, USERID, USERNAME, BM.ADMIN, BM.APPROVAL, BM.ENROLLDATE FROM MEMBER
			JOIN (SELECT * FROM BUSINESS_MEMBER
			      JOIN (SELECT BIZNO FROM BUSINESS_MEMBER WHERE MNO = #{mNo}) USING(BIZNO)
			      WHERE APPROVAL = 'Y') BM USING(MNO)
		</select>
		
		<!-- 비즈니스 관리자 리스트 -->
		<select id="businessAdminList" resultMap="bmEnrollDate">
			SELECT MNO, USERID, USERNAME, BM.ADMIN, BM.APPROVAL, BM.ENROLLDATE FROM MEMBER
			JOIN (SELECT * FROM BUSINESS_MEMBER
			      JOIN (SELECT BIZNO FROM BUSINESS_MEMBER WHERE MNO = #{mNo}) USING(BIZNO)
			      WHERE APPROVAL = 'Y' AND ADMIN = 'Y') BM USING(MNO)
		</select>
		
		<!-- 승인된 사용자의 비즈니스명 -->
		<select id="bizName" resultType="Business">
			SELECT DISTINCT BIZNAME FROM BUSINESS
			JOIN (SELECT * FROM BUSINESS_MEMBER
				  JOIN (SELECT BIZNO FROM BUSINESS_MEMBER WHERE MNO = #{mNo}) USING(BIZNO)
				  WHERE APPROVAL = 'Y') BM USING(BIZNO)
		</select>
		
		<insert id="insertBusiness" parameterType="Business">
			INSERT INTO BUSINESS
			VALUES(SEQ_BIZNO.NEXTVAL, #{bizName}, DEFAULT)
		</insert>
		
		<insert id="insertBusinessMemberAdmin" parameterType="BusinessMember">
			INSERT INTO BUSINESS_MEMBER
			VALUES(SEQ_BIZMNO.NEXTVAL, #{bizNo}, #{mNo}, 'Y', DEFAULT, 'Y', SYSDATE)
		</insert>
		
		<insert id="insertBusinessMember" parameterType="BusinessMember">
			INSERT INTO BUSINESS_MEMBER
			VALUES(SEQ_BIZMNO.NEXTVAL, #{bizNo}, #{mNo}, DEFAULT, DEFAULT, DEFAULT, DEFAULT)
		</insert>
		
		<update id="updateBusinessMemberY" parameterType="BusinessMember">
			UPDATE BUSINESS_MEMBER SET INVITATION = 'Y', ENROLLDATE = SYSDATE WHERE MNO = #{mNo}
		</update>
		
		<update id="approvalY" parameterType="BusinessMember">
			UPDATE BUSINESS_MEMBER SET APPROVAL = 'Y' WHERE MNO = #{mNo}
		</update>
		
		
</mapper>