<?xml version="1.0" encoding="utf-8"?>
<!DOCTYPE mapper PUBLIC
"-//mybatis.org//DTD Mapper 3.0//EN"
"http://mybatis.org/dtd/mybatis-3-mapper.dtd">
<mapper namespace="noteBook">
	
	<resultMap id="notebook" type="notebook"/>
	<resultMap id="note" type="note"/>
	
	<insert id="insertNoteBook" parameterType="noteBook">
		INSERT INTO NOTEBOOK VALUES(							
			#{nbno}, #{mno}, #{nbtitle}, 
			#{nbcontent}, #{nbtype}
	</insert>
	
	<select id="selectOneNoteBook" parameterType="_int" resultType="note">                                    
		SELECT * FROM NOTE WHERE NBNO = #{nbno} AND TRASHCAN='N'		
	</select>
	
	<select id="selectListNoteBook" parameterType="_int" resultType="notebook">         
		SELECT * FROM NOTEBOOK WHERE MNO = #{mno}
	</select>
	
	<update id="updateNoteBook" parameterType="noteBook">
		UPDATE NOTEBOOK 
		SET NBTITLE = #{nbtitle},
		    NBCONTENT = #{nbcontent},
		    NBTYPE = #{nbtype}		    
		WHERE MNO = #{mno}
	</update>
	
	<update id="trashGo" parameterType="note">
		UPDATE NOTE SET TRASHCAN= #{trashcan} WHERE NNO = #{nno}
	</update>
	
	<insert id="insertOneRenote" parameterType="_int" >         
		INSERT INTO NOTE SELECT SEQ_NNO.NEXTVAL, MNO, NBNO, SPACENO, NTITLE, NCONTENT, SHARESCOPE, TRASHCAN FROM NOTE WHERE NNO = #{nno}
	</insert>
	
	
</mapper>
