<?xml version="1.0" encoding="UTF-8"?>
<beans:beans xmlns="http://www.springframework.org/schema/mvc"
	xmlns:xsi="http://www.w3.org/2001/XMLSchema-instance"
	xmlns:beans="http://www.springframework.org/schema/beans"
	xmlns:context="http://www.springframework.org/schema/context"
	xsi:schemaLocation="http://www.springframework.org/schema/mvc https://www.springframework.org/schema/mvc/spring-mvc.xsd
		http://www.springframework.org/schema/beans https://www.springframework.org/schema/beans/spring-beans.xsd
		http://www.springframework.org/schema/context https://www.springframework.org/schema/context/spring-context.xsd">

	<!-- DispatcherServlet Context: defines this servlet's request-processing infrastructure -->
	
	<!-- Enables the Spring MVC @Controller programming model -->
	<annotation-driven />

	<!-- Handles HTTP GET requests for /resources/** by efficiently serving up static resources in the ${webappRoot}/resources directory -->
	<resources mapping="/resources/**" location="/resources/" />

	<!-- Resolves views selected for rendering by @Controllers to .jsp resources in the /WEB-INF/views directory -->
	<beans:bean class="org.springframework.web.servlet.view.InternalResourceViewResolver">
		<beans:property name="prefix" value="/WEB-INF/views/" />
		<beans:property name="suffix" value=".jsp" />
	</beans:bean>
	
	
		 <!-- mail bean -->
<beans:bean id="javaMailSender" 
    class="org.springframework.mail.javamail.JavaMailSenderImpl">
    <beans:property name="host" value="smtp.naver.com"/>
    <beans:property name="port" value="465"/>        
    <beans:property name="username" value="nestcor@naver.com"/>
    <beans:property name="password" value="nestnest!"/>
    <beans:property name="protocol" value="smtps"/>        
    <beans:property name="defaultEncoding" value="utf-8"/>
    <beans:property name="javaMailProperties">
        <beans:props>
            <beans:prop key="mail.smtp.starttls.enable">true</beans:prop>
            <beans:prop key="mail.smtp.auth">true</beans:prop>
            <beans:prop key="mail.smtp.ssl.checkserveridentity">true</beans:prop>
            <beans:prop key="mail.smtp.ssl.trust">*</beans:prop>
        </beans:props>
    </beans:property>        
</beans:bean>
	
	<context:component-scan base-package="com.nestCor.nest" />
	
	<!-- 파일 업로드 전용 MultipartResolver 등록 -->
	<beans:bean id="multipartResolver" class="org.springframework.web.multipart.commons.CommonsMultipartResolver">
	<beans:property name="maxUploadSize" value="1000000000"/>
	 <!--  1000MB  -->
	</beans:bean>
	
</beans:beans>
